{
	"easycom": {
		"^u-(.*)": "@/uview-ui/components/u-$1/u-$1.vue"
	},
	"pages": [ //pages数组中第一项表示应用启动页，参考：https://uniapp.dcloud.io/collocation/pages
		{
			"path": "pages/index/index",
			"style": {
				"navigationBarTitleText": "我的客户"
			}
		},
		{
			"path": "pages/center/index",
			"style": {
				"navigationBarTitleText": "我的客户"
			}
		},
		{
			"path" : "pages/me/manage",
			"style" : 
			{
				"navigationBarTitleText" : "客户档案管理"
			}
		},
		{
			"path" : "pages/me/detail",
			"style" : 
			{
				"navigationBarTitleText" : "客户详情"
			}
		},
		{
			"path" : "pages/me/interaction",
			"style" : 
			{
				"navigationBarTitleText" : "客户互动记录"
			}
		},
		{
			"path" : "pages/me/InterDetail",
			"style" : 
			{
				"navigationBarTitleText" : ""
			}
		},
		{
			"path" : "pages/me/face",
			"style" : 
			{
				"navigationBarTitleText" : "客户画像"
			}
		},
		{
			"path" : "pages/me/blue1",
			"style" : 
			{
				"navigationBarTitleText" : "产品销量分析"
			}
		}
	],
	"globalStyle": {
		"navigationBarTextStyle": "white",
		"navigationBarTitleText": "uView",
		"navigationBarBackgroundColor": "#698465",
		"backgroundColor": "#F8F8F8"
	}
}
