{
	"easycom": {
		"^u-(.*)": "@/uview-ui/components/u-$1/u-$1.vue"
	},
	"pages": [ //pages数组中第一项表示应用启动页，参考：https://uniapp.dcloud.io/collocation/pages
		{
			"path": "pages/index/index",
			"style": {
				"navigationBarTitleText": "销售数据"
			}
		},
		{
			"path": "pages/center/index",
			"style": {
				"navigationBarTitleText": "uView-center"
			}
		},
		{
			"path" : "pages/f1/f1",
			"style" : 
			{
				"navigationBarTitleText" : ""
			}
		},
		{
			"path" : "pages/f1/ProductAn",
			"style" : 
			{
				"navigationBarTitleText" : "产品销量分析"
			}
		},
		{
			"path" : "pages/f1/UserAn",
			"style" : 
			{
				"navigationBarTitleText" : "客户贡献度分析"
			}
		},
		{
			"path" : "pages/f1/PerformOverview",
			"style" : 
			{
				"navigationBarTitleText" : "业绩概览"
			}
		}
	],
	"globalStyle": {
		"navigationBarTextStyle": "white",
		"navigationBarTitleText": "uView",
		"navigationBarBackgroundColor": "#698465",
		"backgroundColor": "#F8F8F8"
	}
}
